[
  {
    "id": "15096b1b-9bca-4250-b444-e9df75ed9f61",
    "data": [
      {
        "text": "could you order pizza ",
        "userDefined": false
      },
      {
        "text": "here",
        "meta": "@sys.address",
        "alias": "address",
        "userDefined": true
      }
    ],
    "isTemplate": false,
    "count": 0,
    "lang": "en",
    "updated": 0
  },
  {
    "id": "1a6ba1ea-c386-421c-8661-7c76a5a7d122",
    "data": [
      {
        "text": "Could you order me pizza ",
        "userDefined": false
      },
      {
        "text": "now",
        "meta": "@sys.date-time",
        "alias": "date-time",
        "userDefined": true
      }
    ],
    "isTemplate": false,
    "count": 0,
    "lang": "en",
    "updated": 0
  },
  {
    "id": "81a6005c-0472-4b00-92f6-c67423a76f75",
    "data": [
      {
        "text": "could you add some Toppings ",
        "userDefined": false
      },
      {
        "text": "toppings",
        "meta": "@Toppings",
        "alias": "Toppings",
        "userDefined": true
      }
    ],
    "isTemplate": false,
    "count": 0,
    "lang": "en",
    "updated": 0
  },
  {
    "id": "ede15082-06e9-4078-a779-1b7a9b485177",
    "data": [
      {
        "text": "could you order me small pizza ",
        "userDefined": false
      },
      {
        "text": "size",
        "meta": "@Size",
        "alias": "Size",
        "userDefined": true
      }
    ],
    "isTemplate": false,
    "count": 0,
    "lang": "en",
    "updated": 0
  },
  {
    "id": "db475ab1-e9dc-4af0-814d-a7a2cf2d63eb",
    "data": [
      {
        "text": "order me a pizza to my Phone number ",
        "userDefined": false
      },
      {
        "text": "number",
        "meta": "@sys.phone-number",
        "alias": "phone-number",
        "userDefined": true
      }
    ],
    "isTemplate": false,
    "count": 0,
    "lang": "en",
    "updated": 0
  },
  {
    "id": "ba59825d-43a8-4d7f-994c-ef66eb09ecda",
    "data": [
      {
        "text": "order me pizza to the email ID ",
        "userDefined": false
      },
      {
        "text": "mail",
        "meta": "@sys.email",
        "alias": "email",
        "userDefined": true
      }
    ],
    "isTemplate": false,
    "count": 0,
    "lang": "en",
    "updated": 0
  }
]